100;Arabela;Quetzalcoatl;100.csv;/var/www/html/production/nrp/storage/app/public/2/2/1/2018/4/23/output/2353/individual/100/100.csv;Semana 1.csv;/var/www/html/production/nrp/storage/app/public/2/2/1/2018/4/23/output/2353/individual/100/Semana 1.csv;Semana 2.csv;/var/www/html/production/nrp/storage/app/public/2/2/1/2018/4/23/output/2353/individual/100/Semana 2.csv;Semana 3.csv;/var/www/html/production/nrp/storage/app/public/2/2/1/2018/4/23/output/2353/individual/100/Semana 3.csv;Semana 4.csv;/var/www/html/production/nrp/storage/app/public/2/2/1/2018/4/23/output/2353/individual/100/Semana 4.csv;Semana 5.csv;/var/www/html/production/nrp/storage/app/public/2/2/1/2018/4/23/output/2353/individual/100/Semana 5.csv;Semana 6.csv;/var/www/html/production/nrp/storage/app/public/2/2/1/2018/4/23/output/2353/individual/100/Semana 6.csv
110;Joana;Zapatero;110.csv;/var/www/html/production/nrp/storage/app/public/2/2/1/2018/4/23/output/2353/individual/110/110.csv;Semana 1.csv;/var/www/html/production/nrp/storage/app/public/2/2/1/2018/4/23/output/2353/individual/110/Semana 1.csv;Semana 2.csv;/var/www/html/production/nrp/storage/app/public/2/2/1/2018/4/23/output/2353/individual/110/Semana 2.csv;Semana 3.csv;/var/www/html/production/nrp/storage/app/public/2/2/1/2018/4/23/output/2353/individual/110/Semana 3.csv;Semana 4.csv;/var/www/html/production/nrp/storage/app/public/2/2/1/2018/4/23/output/2353/individual/110/Semana 4.csv;Semana 5.csv;/var/www/html/production/nrp/storage/app/public/2/2/1/2018/4/23/output/2353/individual/110/Semana 5.csv;Semana 6.csv;/var/www/html/production/nrp/storage/app/public/2/2/1/2018/4/23/output/2353/individual/110/Semana 6.csv
111;Gabbi;Perez;111.csv;/var/www/html/production/nrp/storage/app/public/2/2/1/2018/4/23/output/2353/individual/111/111.csv;Semana 1.csv;/var/www/html/production/nrp/storage/app/public/2/2/1/2018/4/23/output/2353/individual/111/Semana 1.csv;Semana 2.csv;/var/www/html/production/nrp/storage/app/public/2/2/1/2018/4/23/output/2353/individual/111/Semana 2.csv;Semana 3.csv;/var/www/html/production/nrp/storage/app/public/2/2/1/2018/4/23/output/2353/individual/111/Semana 3.csv;Semana 4.csv;/var/www/html/production/nrp/storage/app/public/2/2/1/2018/4/23/output/2353/individual/111/Semana 4.csv;Semana 5.csv;/var/www/html/production/nrp/storage/app/public/2/2/1/2018/4/23/output/2353/individual/111/Semana 5.csv;Semana 6.csv;/var/www/html/production/nrp/storage/app/public/2/2/1/2018/4/23/output/2353/individual/111/Semana 6.csv
121;Esme;Wu;121.csv;/var/www/html/production/nrp/storage/app/public/2/2/1/2018/4/23/output/2353/individual/121/121.csv;Semana 1.csv;/var/www/html/production/nrp/storage/app/public/2/2/1/2018/4/23/output/2353/individual/121/Semana 1.csv;Semana 2.csv;/var/www/html/production/nrp/storage/app/public/2/2/1/2018/4/23/output/2353/individual/121/Semana 2.csv;Semana 3.csv;/var/www/html/production/nrp/storage/app/public/2/2/1/2018/4/23/output/2353/individual/121/Semana 3.csv;Semana 4.csv;/var/www/html/production/nrp/storage/app/public/2/2/1/2018/4/23/output/2353/individual/121/Semana 4.csv;Semana 5.csv;/var/www/html/production/nrp/storage/app/public/2/2/1/2018/4/23/output/2353/individual/121/Semana 5.csv;Semana 6.csv;/var/www/html/production/nrp/storage/app/public/2/2/1/2018/4/23/output/2353/individual/121/Semana 6.csv
131;Kitty;Yrizabal;131.csv;/var/www/html/production/nrp/storage/app/public/2/2/1/2018/4/23/output/2353/individual/131/131.csv;Semana 1.csv;/var/www/html/production/nrp/storage/app/public/2/2/1/2018/4/23/output/2353/individual/131/Semana 1.csv;Semana 2.csv;/var/www/html/production/nrp/storage/app/public/2/2/1/2018/4/23/output/2353/individual/131/Semana 2.csv;Semana 3.csv;/var/www/html/production/nrp/storage/app/public/2/2/1/2018/4/23/output/2353/individual/131/Semana 3.csv;Semana 4.csv;/var/www/html/production/nrp/storage/app/public/2/2/1/2018/4/23/output/2353/individual/131/Semana 4.csv;Semana 5.csv;/var/www/html/production/nrp/storage/app/public/2/2/1/2018/4/23/output/2353/individual/131/Semana 5.csv;Semana 6.csv;/var/www/html/production/nrp/storage/app/public/2/2/1/2018/4/23/output/2353/individual/131/Semana 6.csv
133;Nepe;Nose;133.csv;/var/www/html/production/nrp/storage/app/public/2/2/1/2018/4/23/output/2353/individual/133/133.csv;Semana 1.csv;/var/www/html/production/nrp/storage/app/public/2/2/1/2018/4/23/output/2353/individual/133/Semana 1.csv;Semana 2.csv;/var/www/html/production/nrp/storage/app/public/2/2/1/2018/4/23/output/2353/individual/133/Semana 2.csv;Semana 3.csv;/var/www/html/production/nrp/storage/app/public/2/2/1/2018/4/23/output/2353/individual/133/Semana 3.csv;Semana 4.csv;/var/www/html/production/nrp/storage/app/public/2/2/1/2018/4/23/output/2353/individual/133/Semana 4.csv;Semana 5.csv;/var/www/html/production/nrp/storage/app/public/2/2/1/2018/4/23/output/2353/individual/133/Semana 5.csv;Semana 6.csv;/var/www/html/production/nrp/storage/app/public/2/2/1/2018/4/23/output/2353/individual/133/Semana 6.csv
145;bla;bla;145.csv;/var/www/html/production/nrp/storage/app/public/2/2/1/2018/4/23/output/2353/individual/145/145.csv;Semana 1.csv;/var/www/html/production/nrp/storage/app/public/2/2/1/2018/4/23/output/2353/individual/145/Semana 1.csv;Semana 2.csv;/var/www/html/production/nrp/storage/app/public/2/2/1/2018/4/23/output/2353/individual/145/Semana 2.csv;Semana 3.csv;/var/www/html/production/nrp/storage/app/public/2/2/1/2018/4/23/output/2353/individual/145/Semana 3.csv;Semana 4.csv;/var/www/html/production/nrp/storage/app/public/2/2/1/2018/4/23/output/2353/individual/145/Semana 4.csv;Semana 5.csv;/var/www/html/production/nrp/storage/app/public/2/2/1/2018/4/23/output/2353/individual/145/Semana 5.csv;Semana 6.csv;/var/www/html/production/nrp/storage/app/public/2/2/1/2018/4/23/output/2353/individual/145/Semana 6.csv
222;Arabela;Gutierrez;222.csv;/var/www/html/production/nrp/storage/app/public/2/2/1/2018/4/23/output/2353/individual/222/222.csv;Semana 1.csv;/var/www/html/production/nrp/storage/app/public/2/2/1/2018/4/23/output/2353/individual/222/Semana 1.csv;Semana 2.csv;/var/www/html/production/nrp/storage/app/public/2/2/1/2018/4/23/output/2353/individual/222/Semana 2.csv;Semana 3.csv;/var/www/html/production/nrp/storage/app/public/2/2/1/2018/4/23/output/2353/individual/222/Semana 3.csv;Semana 4.csv;/var/www/html/production/nrp/storage/app/public/2/2/1/2018/4/23/output/2353/individual/222/Semana 4.csv;Semana 5.csv;/var/www/html/production/nrp/storage/app/public/2/2/1/2018/4/23/output/2353/individual/222/Semana 5.csv;Semana 6.csv;/var/www/html/production/nrp/storage/app/public/2/2/1/2018/4/23/output/2353/individual/222/Semana 6.csv
333;Joana;Velez;333.csv;/var/www/html/production/nrp/storage/app/public/2/2/1/2018/4/23/output/2353/individual/333/333.csv;Semana 1.csv;/var/www/html/production/nrp/storage/app/public/2/2/1/2018/4/23/output/2353/individual/333/Semana 1.csv;Semana 2.csv;/var/www/html/production/nrp/storage/app/public/2/2/1/2018/4/23/output/2353/individual/333/Semana 2.csv;Semana 3.csv;/var/www/html/production/nrp/storage/app/public/2/2/1/2018/4/23/output/2353/individual/333/Semana 3.csv;Semana 4.csv;/var/www/html/production/nrp/storage/app/public/2/2/1/2018/4/23/output/2353/individual/333/Semana 4.csv;Semana 5.csv;/var/www/html/production/nrp/storage/app/public/2/2/1/2018/4/23/output/2353/individual/333/Semana 5.csv;Semana 6.csv;/var/www/html/production/nrp/storage/app/public/2/2/1/2018/4/23/output/2353/individual/333/Semana 6.csv
444;Esme;Pavarotti;444.csv;/var/www/html/production/nrp/storage/app/public/2/2/1/2018/4/23/output/2353/individual/444/444.csv;Semana 1.csv;/var/www/html/production/nrp/storage/app/public/2/2/1/2018/4/23/output/2353/individual/444/Semana 1.csv;Semana 2.csv;/var/www/html/production/nrp/storage/app/public/2/2/1/2018/4/23/output/2353/individual/444/Semana 2.csv;Semana 3.csv;/var/www/html/production/nrp/storage/app/public/2/2/1/2018/4/23/output/2353/individual/444/Semana 3.csv;Semana 4.csv;/var/www/html/production/nrp/storage/app/public/2/2/1/2018/4/23/output/2353/individual/444/Semana 4.csv;Semana 5.csv;/var/www/html/production/nrp/storage/app/public/2/2/1/2018/4/23/output/2353/individual/444/Semana 5.csv;Semana 6.csv;/var/www/html/production/nrp/storage/app/public/2/2/1/2018/4/23/output/2353/individual/444/Semana 6.csv
555;Gabbi;Hernandez;555.csv;/var/www/html/production/nrp/storage/app/public/2/2/1/2018/4/23/output/2353/individual/555/555.csv;Semana 1.csv;/var/www/html/production/nrp/storage/app/public/2/2/1/2018/4/23/output/2353/individual/555/Semana 1.csv;Semana 2.csv;/var/www/html/production/nrp/storage/app/public/2/2/1/2018/4/23/output/2353/individual/555/Semana 2.csv;Semana 3.csv;/var/www/html/production/nrp/storage/app/public/2/2/1/2018/4/23/output/2353/individual/555/Semana 3.csv;Semana 4.csv;/var/www/html/production/nrp/storage/app/public/2/2/1/2018/4/23/output/2353/individual/555/Semana 4.csv;Semana 5.csv;/var/www/html/production/nrp/storage/app/public/2/2/1/2018/4/23/output/2353/individual/555/Semana 5.csv;Semana 6.csv;/var/www/html/production/nrp/storage/app/public/2/2/1/2018/4/23/output/2353/individual/555/Semana 6.csv
666;Arabela;Henriquez;666.csv;/var/www/html/production/nrp/storage/app/public/2/2/1/2018/4/23/output/2353/individual/666/666.csv;Semana 1.csv;/var/www/html/production/nrp/storage/app/public/2/2/1/2018/4/23/output/2353/individual/666/Semana 1.csv;Semana 2.csv;/var/www/html/production/nrp/storage/app/public/2/2/1/2018/4/23/output/2353/individual/666/Semana 2.csv;Semana 3.csv;/var/www/html/production/nrp/storage/app/public/2/2/1/2018/4/23/output/2353/individual/666/Semana 3.csv;Semana 4.csv;/var/www/html/production/nrp/storage/app/public/2/2/1/2018/4/23/output/2353/individual/666/Semana 4.csv;Semana 5.csv;/var/www/html/production/nrp/storage/app/public/2/2/1/2018/4/23/output/2353/individual/666/Semana 5.csv;Semana 6.csv;/var/www/html/production/nrp/storage/app/public/2/2/1/2018/4/23/output/2353/individual/666/Semana 6.csv
777;Joana;Kowalsky;777.csv;/var/www/html/production/nrp/storage/app/public/2/2/1/2018/4/23/output/2353/individual/777/777.csv;Semana 1.csv;/var/www/html/production/nrp/storage/app/public/2/2/1/2018/4/23/output/2353/individual/777/Semana 1.csv;Semana 2.csv;/var/www/html/production/nrp/storage/app/public/2/2/1/2018/4/23/output/2353/individual/777/Semana 2.csv;Semana 3.csv;/var/www/html/production/nrp/storage/app/public/2/2/1/2018/4/23/output/2353/individual/777/Semana 3.csv;Semana 4.csv;/var/www/html/production/nrp/storage/app/public/2/2/1/2018/4/23/output/2353/individual/777/Semana 4.csv;Semana 5.csv;/var/www/html/production/nrp/storage/app/public/2/2/1/2018/4/23/output/2353/individual/777/Semana 5.csv;Semana 6.csv;/var/www/html/production/nrp/storage/app/public/2/2/1/2018/4/23/output/2353/individual/777/Semana 6.csv
888;Esme;Kira;888.csv;/var/www/html/production/nrp/storage/app/public/2/2/1/2018/4/23/output/2353/individual/888/888.csv;Semana 1.csv;/var/www/html/production/nrp/storage/app/public/2/2/1/2018/4/23/output/2353/individual/888/Semana 1.csv;Semana 2.csv;/var/www/html/production/nrp/storage/app/public/2/2/1/2018/4/23/output/2353/individual/888/Semana 2.csv;Semana 3.csv;/var/www/html/production/nrp/storage/app/public/2/2/1/2018/4/23/output/2353/individual/888/Semana 3.csv;Semana 4.csv;/var/www/html/production/nrp/storage/app/public/2/2/1/2018/4/23/output/2353/individual/888/Semana 4.csv;Semana 5.csv;/var/www/html/production/nrp/storage/app/public/2/2/1/2018/4/23/output/2353/individual/888/Semana 5.csv;Semana 6.csv;/var/www/html/production/nrp/storage/app/public/2/2/1/2018/4/23/output/2353/individual/888/Semana 6.csv
999;Gabbi;Quiroga;999.csv;/var/www/html/production/nrp/storage/app/public/2/2/1/2018/4/23/output/2353/individual/999/999.csv;Semana 1.csv;/var/www/html/production/nrp/storage/app/public/2/2/1/2018/4/23/output/2353/individual/999/Semana 1.csv;Semana 2.csv;/var/www/html/production/nrp/storage/app/public/2/2/1/2018/4/23/output/2353/individual/999/Semana 2.csv;Semana 3.csv;/var/www/html/production/nrp/storage/app/public/2/2/1/2018/4/23/output/2353/individual/999/Semana 3.csv;Semana 4.csv;/var/www/html/production/nrp/storage/app/public/2/2/1/2018/4/23/output/2353/individual/999/Semana 4.csv;Semana 5.csv;/var/www/html/production/nrp/storage/app/public/2/2/1/2018/4/23/output/2353/individual/999/Semana 5.csv;Semana 6.csv;/var/www/html/production/nrp/storage/app/public/2/2/1/2018/4/23/output/2353/individual/999/Semana 6.csv
